uid,short_id,unique_id,nickname
71030804517,84902928,,中式调酒师 小猫
81373361998,0,jghs6666,金刚
88490949184,0,chaijingNDS,《电商》杂志社
59425735996,10401514,,江疏影
70927414631,86016668,,润润是哥哥
102425710816,0,Shaun_Gibson,肖恩Shaun-Gibson
52348510570,0,B.js,佳哥就是毕加索
61885687142,198710669,,CFF
70175033700,0,vc18687812433,杨丽萍·v.c美妆工作室
99582439432,0,chinadiver,潜客
97329449355,856486852,,带你遨游宇宙
100585701628,1080882339,,遨游太空
102347042617,1222746443,,宇宙情报局
104275817387,1452858807,,一起去遨游宇宙
103731182367,1862536774,,解说知识🔍科冷未
109211733084,1855913073,,海艳❤️爱折纸
60300390156,0,xj001007,天文与微观-阿军
101998859146,1353584028,,爱撒娇的的表情包
70402977009,133445653,,子路
64679415236,94058662,,175917917
96305939373,0,vx.13173957092,海底世界
107781046551,0,rsbgrc1025,七哥☀
51661934266,0,hangpaisuzhou,更苏州
96597697430,0,wangyan0405,🇨🇳杰克船长🇨🇳
75389470922,122048782,,章若楠
108180297486,0,ymyangmi,杨幂
96647575956,724824541,,FocusPlanet
92500348946,983186,,Caroline
95489779869,0,Lss66666666,精彩画艺在线美术教育
59048261498,0,Jennifer...xyz,最最最最最的熊孩子
103792534666,1454499217,,雨中霞光
101812431160,1172825859,,招财童子
71225492034,0,cnngm,地理大叔
67361348646,0,ImBrown,布朗酱
77335213892,0,zfx13720913829,弹弹的小宇宙
98565986482,944902918,,好莱坞明星资讯
62272722291,27794351,,P图先生
94130107786,666050691,,PR剪辑之光
58087895006,1341889496,,IYZ摄影学院
103721552092,1519197046,,辻宝
71030804517,84902928,,中式调酒师 小猫
81373361998,0,jghs6666,金刚
88490949184,0,chaijingNDS,《电商》杂志社
59425735996,10401514,,江疏影
70927414631,86016668,,润润是哥哥
102425710816,0,Shaun_Gibson,肖恩Shaun-Gibson
52348510570,0,B.js,佳哥就是毕加索
61885687142,198710669,,CFF
70175033700,0,vc18687812433,杨丽萍·v.c美妆工作室
99582439432,0,chinadiver,潜客
97329449355,856486852,,带你遨游宇宙
100585701628,1080882339,,遨游太空
102347042617,1222746443,,宇宙情报局
104275817387,1452858807,,一起去遨游宇宙
103731182367,1862536774,,解说知识🔍科冷未
109211733084,1855913073,,海艳❤️爱折纸
60300390156,0,xj001007,天文与微观-阿军
101998859146,1353584028,,爱撒娇的的表情包
70402977009,133445653,,子路
64679415236,94058662,,175917917
